f__BIrii41,f__Streptococcaceae,f__Alcaligenaceae,f__Ruminococcaceae,f__Deferribacteraceae,f__Micrococcaceae,f__Bogoriellaceae,f__Corynebacteriaceae,f__Christensenellaceae,f__Brucellaceae,f__Pseudomonadaceae,f__Eubacteriaceae,f__Coriobacteriaceae,f__Cryomorphaceae,f__Halomonadaceae,f__MWH-CFBk5,f__Family_XI,f__Lactobacillaceae,f__Hahellaceae,f__Desulfovibrionaceae,f__Mitochondria,f__Caldicoprobacteraceae,f__Sphingobacteriaceae,f__Parachlamydiaceae,f__Nocardiopsaceae,f__Bradyrhizobiaceae,f__Methylococcaceae,f__Bacillaceae,f__Acidaminococcaceae,f__Veillonellaceae,f__Anaerolineaceae,f__Rhodospirillaceae,f__Brachyspiraceae,f__Neisseriaceae,f__Bacteroidaceae,f__Enterococcaceae,f__Peptostreptococcaceae,f__Pasteurellaceae,f__Erysipelotrichaceae,f__Limnochordaceae,f__Helicobacteraceae,f__Clostridiales_vadinBB60_group,f__Cytophagaceae,f__Haloplasmataceae,f__Anaeroplasmataceae,f__Thermomonosporaceae,f__Comamonadaceae,f__Xanthomonadaceae,f__Lachnospiraceae,f__Idiomarinaceae,f__Synergistaceae,f__Verrucomicrobiaceae,f__Flavobacteriaceae,f__Leuconostocaceae,f__Bacteroidales_S24-7_group,f__Unknown_Family,f__Rikenellaceae,f__Aerococcaceae,f__Bifidobacteriaceae,f__Paenibacillaceae,f__Pseudonocardiaceae,f__wallaby_gut_metagenome,f__Staphylococcaceae,f__Planococcaceae,f__Porphyromonadaceae,f__Alcanivoracaceae,f__Peptococcaceae,f__Microbacteriaceae,f__Carnobacteriaceae,f__Family_XIII,f__Enterobacteriaceae,f__unidentified,f__Triticum_aestivum_bread_wheat,f__Defluviitaleaceae,f__Clostridiaceae_1,f__Moraxellaceae,f__Mycoplasmataceae,f__Rhizobiaceae,f__Rs-E47_termite_group,f__Prevotellaceae
0,0.00053927,0.001040022,0.061977582,0.001540773,0,0,0,0.000269635,0,0,3.85E-05,0.003851932,0,0,0,0,0.161087786,0,0.012172104,0,0,0,0,0,0,0,3.85E-05,0,0.000154077,0,0.000346674,0,0,0.014483263,0.001232618,0,0,0.004275644,0,0.019259659,0.001579292,0,0,0,0,0,0,0.224490582,0,0,0,0,0,0.226455067,0.000962983,0.003312661,0,0,0,0,0,0,0,0.007665344,0,0.010053542,0,0,0.003081545,0,0.001540773,0,3.85E-05,0.001001502,0,0,0,0,0.237510111
0,0.003620816,0.005315666,0.00959131,0.00053927,0,0,0,0,0,0,0,0.003813412,0,0,0,0,0.005585301,0,0.001502253,0,0,0,0,0,0,0,0.000115558,0,0.000847425,0,0.001617811,0,0,0.103771041,0.000847425,0,0,0.011786911,0,0.029159123,0.00053927,0,0,0,0,3.85E-05,0,0.133623512,0,0,3.85E-05,0,0,0.426986634,0,0.044066099,0,0,0,0,0,3.85E-05,0,0.011979508,0,0.001348176,0,0,0.000847425,0.000192597,0.007280151,7.70E-05,0,0.000808906,0,0,0,0,0.194021802
0,0.001271137,0.00281191,0.044451292,0.001463734,0,0,0,3.85E-05,0,0,0,0.002619314,0,0,0,0,0.227495089,0,0.003582297,0,0,0,0,0,0,0,0,0,0.001656331,0,0.000192597,0,0,0.029428759,0.002349678,0,0,0.004198606,0,0.030776935,0.000423712,0,0,0,0,0,0,0.210931782,0,0,0,0,0,0.22799584,0.00057779,0.007049035,0.000154077,0,0,0,0,0.000269635,0,0.009167598,0,0.004275644,0,0,0.001617811,0.000154077,0.004622318,0,0,0.003274142,3.85E-05,3.85E-05,0,0,0.177073302
0,0.002349678,0.000192597,0.077231231,0.003043026,0,0,0,3.85E-05,0,0,7.70E-05,0.004814915,0,0,0,0,0.012133585,0,0.011632834,7.70E-05,0,0,0,0,0,0,0,0,0.001425215,0,0.000423712,3.85E-05,0,0.006086052,0.000808906,0,0,0.001348176,0,0.046492816,0.000885944,0,0,0.00115558,0,0,0,0.62416702,0,0,0,0,0,0.113516428,0.001386695,0.005546782,0,0,0,0,0,3.85E-05,0,0.008975001,0,0.007087554,0,0,0.002080043,7.70E-05,0.001001502,3.85E-05,7.70E-05,0.001425215,0,0,0,0,0.06432726
0.000154077,0.029775432,0.000693348,0.050575864,0.044990563,0.000115558,0,7.70E-05,3.85E-05,3.85E-05,0.000423712,3.85E-05,0.013404722,0.000308155,0.000115558,0.000231116,0,0.137513963,0.000115558,0.030507299,0.000808906,0,7.70E-05,0,0.000500751,0,0.000385193,0.00111706,0,0,0,0.000231116,0,0,0.008897962,0.019336697,3.85E-05,7.70E-05,0.006933477,0.000269635,0.152497978,0.003274142,0,0.000192597,0.002349678,3.85E-05,0,0,0.166519009,0.000385193,0,0,0.000308155,7.70E-05,0.140094758,0.00508455,0.0169485,3.85E-05,0.000770386,0.000154077,0,0,0.000231116,3.85E-05,0.008782404,0,0.003197103,0,3.85E-05,0.001964485,0.000693348,0.021840453,0.00111706,0,0.015176611,0.000500751,0.011555795,0,0,0.098339817
0,0.001040022,0.002657833,0.093293787,0.002388198,0,0,0,3.85E-05,0,0,3.85E-05,0.011555795,0,0,0,0,0.007010516,0,0.02819614,0,0,0,0,0,0,0,0.000269635,0,0,0,7.70E-05,0,0,0.033126613,0.000924464,0,0,0.030083587,0,0.007472748,0.004583799,0,0,0.002041524,0,0,3.85E-05,0.225569123,0,0,0,0,0,0.261661723,0.005007511,0.051577366,0,0,0,0,3.85E-05,7.70E-05,0,0.067562883,0,0.00281191,0,0,0.002965987,7.70E-05,0.011671353,0,0,0.000770386,0,0.001848927,0,0,0.143522977
0,0.000231116,0.008166095,0.059550865,0.027926505,0,0,0,7.70E-05,0,0,0,0.005777898,0,0,0,0,0.070798505,0,0.028581334,0,0,0,0,0,0,0,0.000154077,0,0,0,0.000269635,0,0,0.014290667,0.000462232,0,0,0.059936058,0,0.013866954,0.001887447,0,0,0.001848927,0,0,0,0.129270829,0,0,0,0,0,0.473980201,0.002657833,0.007549786,0,0.000115558,0,0,0,0,3.85E-05,0.011055044,0,0.004853434,0,0,0.002734872,0,0.019991526,0,0,0.001040022,7.70E-05,0.011209121,0,0,0.041600863
0,0.017218135,0.00111706,0.071491853,0.03104657,3.85E-05,0,0,0,0,0,7.70E-05,0.016101075,0,0,0,0,0.04572243,0,0.040406764,0.000654828,0,0,0,0,0,0,0.000269635,0,0,0,3.85E-05,0,0,0.008358692,0.006355687,0.000115558,3.85E-05,0.00731867,0,0.068371788,0.00223412,0,0,0.001040022,0,0,0,0.273910866,0,0,0,0,0,0.181271908,0.005585301,0.017795925,3.85E-05,7.70E-05,0,0,0,3.85E-05,0,0.014444744,0,0.004083048,0,0,0.00566234,0.000385193,0.037440777,0.001463734,0,0.008512769,0.00057779,0.016139594,0,0,0.11455645
0,0.001733369,0.011170602,0.02823466,0.001271137,0,0,3.85E-05,7.70E-05,0,0,0,0.004352683,0,0,0,0,0.05758638,0,0.002657833,7.70E-05,0,0,0,0,0,0,0,0,0,0,0.000808906,0,0,0.024690882,0.001925966,0,0,0.037517815,0,0.006355687,0.001348176,0,0,0.004006009,0,0,0,0.071414815,0,0,3.85E-05,0.000308155,0,0.482993721,0.001040022,0.004468241,0.000115558,0.001232618,0,0,7.70E-05,7.70E-05,0,0.007703863,0,0.001386695,0,3.85E-05,0.001348176,0.000885944,0.005816417,0,0,0.001001502,0.000308155,0.001733369,0,0,0.234158931
0,0.000616309,0.002734872,0.127190786,0.004737876,0,0,0,0.000462232,0,0,0,0.002426717,0,0,0,0,0.0496514,0,0.026616848,0,0,0,0,0,0,0,0,0,0,0,7.70E-05,0,0,0.012711375,0.00053927,0,0,0.01637071,0,0.026578329,0.000423712,0,0,0.000731867,0,0,3.85E-05,0.412850044,0,0,0.000654828,0.00115558,3.85E-05,0.208119872,0.002003005,0.007395709,3.85E-05,0.001078541,0,0,0,3.85E-05,0,0.009437233,0,0.008936482,0,0,0.001309657,0.005392704,0.002041524,0,0,3.85E-05,0,0.002734872,0,0,0.064828011
0,0.000924464,0.002195601,0.105735526,0.002465236,0,0,7.70E-05,0.000423712,0,0,0.000115558,0.005238627,0,0,0,0,0.147798621,0,0.00392897,0,0,0,0,0,0,0,0.000115558,0,0,0,3.85E-05,0,0,0.009937984,0.001733369,0,0,0.041485305,0,0.009937984,0.000115558,0,0,0.000500751,0,0,0.000115558,0.306035977,0,0,0.036785948,0.000308155,0,0.276337583,0.001502253,0.002349678,0,0.000500751,0,0,0,3.85E-05,0,0.001463734,0,0.004776395,0,0,0.001656331,0.002965987,0.002503756,0,0,0.000346674,0,0.001463734,0,0,0.028080582
0,0.003351181,0.006278649,0.073109664,0.000192597,0,0,0,0.001309657,0,0.000115558,0,0.002041524,0,0,0,7.70E-05,0.108624475,0,0.002580794,0.000192597,0,0,0,0,0,0,0,0,0,0,0.000616309,0,0,0.055660414,0.005238627,0,0,0.070336274,0,0.000770386,0.000423712,0,0,0.001348176,0,0,3.85E-05,0.18678017,0,0,0.011671353,0.001540773,0.000115558,0.292361619,0.000423712,0.009745387,0,0.00111706,0,0,0,0.000308155,0,0.015600324,0,0.001848927,0,0,0.000462232,0.017988521,0.004660837,0.000115558,0,0.001194099,3.85E-05,0,0,0,0.121721043
0,0.006394207,0.001810408,0.04006009,0,0.000269635,0,3.85E-05,0.000693348,0,3.85E-05,0,0.003890451,0,0,0,0,0.630176033,0,0.002349678,3.85E-05,0,0,0,0,0,0,0.000654828,0,0,0,7.70E-05,0,0,0.003505258,0.008320173,0,0,0.073995609,0,0.000308155,7.70E-05,0,0,3.85E-05,0,3.85E-05,0.000115558,0.144177805,0,0,0.017179616,0,3.85E-05,0.02992951,3.85E-05,0.001348176,0.000231116,0.008435731,0,0,0,0.00053927,0,0.001617811,0,0.000385193,0,0.000231116,0.001001502,0.015061053,0.003697854,3.85E-05,0,0.000346674,7.70E-05,3.85E-05,0,0,0.002696352
0,0.000231116,0.010554293,0.107661492,0.004968992,3.85E-05,0,0,0.000154077,0,3.85E-05,3.85E-05,0.005739378,0,0,0,0,0.108701514,0,0.007241632,7.70E-05,0,0,0,0,0,0,3.85E-05,0,0,0,0.00053927,0,0,0.026424252,7.70E-05,0,0,0.055159663,0,0.021609337,0.000154077,0,0,0.001502253,0,7.70E-05,0,0.403528369,0,0,0,0.000462232,0,0.185008282,0.001309657,0.002965987,0,0.010477254,0,0,0,0,0,0.012711375,0,0.002465236,0,0,0.001194099,0.001463734,0.005546782,3.85E-05,0,0,3.85E-05,0.002041524,0,0.000192597,0.019529294
0,0.000924464,0.004468241,0.060321251,0.000115558,7.70E-05,0,0,0.000115558,0,0.000269635,3.85E-05,0.003004507,0,0,0,0,0.223219445,0,0.003659335,0.000269635,0,0,0,0,0,0,0.000462232,0,0,0,0.000269635,0,0,0.029544316,0.000308155,0,0,0.072146682,3.85E-05,0.002657833,0.001964485,0,0,0.001425215,3.85E-05,0.00169485,0.000154077,0.161472979,0,0,0,0.000847425,0,0.249104426,0.001271137,0.01128616,0,0.0360926,0,0,0,0,0.000423712,0.015099572,0,0.00115558,0,7.70E-05,0.00053927,0.004853434,0.004121567,0.000231116,0,3.85E-05,0.000154077,0.00227264,0,0.000770386,0.103000655
0,0.001309657,0.002696352,0.119641,0.004814915,0.000154077,0,0,0.000231116,3.85E-05,0.000808906,0,0.003428219,0,0,0,0,0.047070606,0,0.016871461,0,0,0,0,0,0,0,3.85E-05,0,0,0,0.000269635,0,0,0.048495821,0.000462232,0,0,0.034821463,0,0.022841955,0.00111706,0,0,0.003736374,0,0.006740881,0.000192597,0.323215593,0,0,0,0.003004507,0,0.21501483,0.000847425,0.01579292,0,0.000731867,0,0,0,7.70E-05,0.000385193,0.021108586,0,0.004891953,0,7.70E-05,0.001656331,0.020530796,0.013135087,0,0,0,0.000462232,0.002503756,0,0.000693348,0.060090135
0,0.002080043,0.001771889,0.099610955,0.000154077,7.70E-05,0,0,7.70E-05,0,0.000308155,3.85E-05,0.002965987,0,0,0,7.70E-05,0.079388313,0,0.007588306,3.85E-05,0,0,0,0,0,0,7.70E-05,0,0,0,0.000231116,0,0,0.043295713,0.000808906,0,0,0.03158584,0,0.000616309,0.000115558,0,0,0.001964485,0,0.003158584,0.000269635,0.312199068,0,0,0,0.000924464,0,0.213242941,0.001964485,0.010207619,0,0.00731867,0,0,3.85E-05,7.70E-05,3.85E-05,0.016293671,0,0.005238627,0,7.70E-05,0.000462232,0.012903971,0.006817919,7.70E-05,0,0,0.000269635,0.003659335,0,0.000847425,0.131042718
0,0.000462232,0.004429722,0.06887254,0.000154077,0,0,0,0.000231116,0,0.000231116,0.000115558,0.002426717,0,0,0,3.85E-05,0.076422326,0,0.010284658,0,0,0,0,0,0,0,0,0,0,0,3.85E-05,0,0,0.094064173,0.000500751,0,0,0.012672855,0,0.005816417,0.000500751,0,0,0.001925966,0,0.001733369,7.70E-05,0.337313663,0,0,0,0.001964485,0,0.191672124,0.002388198,0.010015023,0,0.007626825,0,0,0,0,0,0.017911483,0,0.002580794,0,0,0.000770386,0.006894958,0.009706868,3.85E-05,0,0,0.000115558,0.00057779,0,0.001617811,0.127807095
0,0.000654828,0.004044528,0.077847541,0.001733369,0,0,3.85E-05,0.000231116,0,0,0,0.002503756,0,0,0,0,0.1433689,0,0.012749894,3.85E-05,0,0,0,0,0,0,7.70E-05,0,0.002118562,0,0.002657833,0,0,0.04233273,0.001309657,0,3.85E-05,0.007087554,0,0.036901506,0.004545279,0,0,0.003851932,0,0,0,0.181618582,0,0,0,3.85E-05,0,0.307692308,0.000962983,0.01976041,0.000192597,0,0,0,0,0.007434228,0,0.017218135,0,0.001271137,0,0,0.001848927,0.001848927,0.016794422,0,0,0.000731867,0.001194099,0.002657833,0,0,0.094603444
0,0.002850429,0.003120065,0.057663418,0.000847425,0,0,0,0.000231116,0,0,3.85E-05,0.002927468,0,0,0,0.000154077,0.079889064,0,0.014791418,7.70E-05,0.000192597,0,0,0,0,0,0.000115558,0,0,0,0.006663842,0,0,0.075382304,0.000500751,0.014136589,0,0.010246138,0,0.068679943,0,0,0,0.000154077,0,0,0,0.112052694,0,0,0.003274142,0.00057779,0,0.330495744,3.85E-05,0.030738415,0,0.001271137,0,0,0,0.000192597,0,0.067909557,0,0.004237125,0,0,0.001232618,0,0.015985517,0,0,0.002619314,0,0.001348176,0,0,0.089364816
0,0.000385193,0.006740881,0.095296791,0.001887447,0,0,0,3.85E-05,0,0,3.85E-05,0.005200108,0,0,0,0,0.018797427,0,0.023959015,7.70E-05,0,0,0,0,0,0,7.70E-05,0,0,0,0.001771889,0,0,0.079157197,0,0.005354185,0,0.027002042,0,0.036747429,3.85E-05,0,0,0,0,0,0,0.19413736,0,0,0.00111706,0,0,0.377258195,0.000770386,0.012018027,3.85E-05,0.000231116,0,0,0,0,0,0.027271677,0,0.006663842,0,0,0.002118562,0.000115558,0.012711375,0,0,0.000192597,0,0.006548284,0,0,0.056238203
0,0.000269635,0.013019529,0.012942491,7.70E-05,0,0,0,7.70E-05,0,0,3.85E-05,0.00562382,0,0,0,0,0.010207619,0,0.002041524,3.85E-05,0,0,0,0,0,0,0,0,0,0,0.000346674,0,0,0.104656985,0.000115558,0.004583799,0,0.037132622,0,0.006471245,0,0,0,0,0,0,0,0.043141636,0,0,0.06941181,7.70E-05,0,0.409190709,0,0.015138092,0,0.000231116,0,0,0,3.85E-05,0,0.075189708,0,0.001040022,0,0,0.00111706,0,0.008204615,0,0,0.000115558,0,0.000115558,0,3.85E-05,0.179307423
0,0.000192597,0.007472748,0.127730057,0.001194099,0,0,7.70E-05,0.000154077,0,0,0,0.001579292,0,0,0,0,0.008782404,0,0.025268672,7.70E-05,7.70E-05,0,0,0,0,0,0,0,0,0,0.003851932,0,0,0.053657409,0,0.013366203,0,0.020993028,0,0.037094103,0.001463734,0,0,0.006086052,0,0,0,0.299179539,0,0,0.003543777,0.000192597,0,0.219097878,0.000269635,0.022957513,0,0.000154077,0,0,0,3.85E-05,0,0.037903008,0,0.006009014,0,0,0.00169485,0,0.014521783,0,0,0.000154077,0.000115558,0.001540773,0,0,0.08350988
0,0.000385193,0.00901352,0.088093679,0.000731867,0,0,0,0,0,0,0,0.004391202,0,0,0,0,0.020068564,0,0.007087554,3.85E-05,0,0,0,0,0,0,3.85E-05,0,0,0,0.002542275,0,0,0.066484342,0.000423712,0.018181118,0,0.027772428,0,0.037710412,0.000231116,0,0,3.85E-05,0,0,0,0.171295405,0,0,0.016678864,7.70E-05,0,0.308539733,0.002041524,0.027387235,0,0.000346674,0,0,0,0.000154077,0,0.030122106,0,0.002311159,3.85E-05,0,0.00227264,0,0.016524787,0,0,0.000808906,0,0.003466739,0,0,0.134702053
0,7.70E-05,0.004737876,0.145641539,0.01186395,0,0,0,0,0,0,0,0.006124571,0,0,0,0,0.00731867,0,0.033126613,0,0,3.85E-05,0,0,0,0,0,0,0,3.85E-05,0.000847425,0,0,0.032895497,0.001078541,0,0,0.018797427,0,0.063556874,0.002927468,0,0,0,0,0,0,0.37864489,0,0,0,0.000231116,0,0.161434459,0.001001502,0.022533801,0,3.85E-05,0,0,0,3.85E-05,0,0.005970494,0,0.012287662,0,0,0.004853434,0,0.004930473,0,0,0.000269635,0,0.000885944,0,0.000616309,0.077192712
0,0.000154077,0.014329186,0.023573822,0.000269635,0,0,0,0,0,0,0.000192597,0.004429722,0,0,0,0,0.122568468,0,0.010438735,0,0,0,0,0,0,0,0,0,0,0,0.002311159,0,0,0.040714919,0.000154077,0,0,0.005277146,0,0.013250645,0.00223412,0,0,0.000847425,0,3.85E-05,0,0.294942414,0,0,0.078502369,0,0,0.263125457,0.00057779,0.007665344,0,0,0,0,0,0,0,0.040560841,0,0.000924464,0,0,0.00223412,0.000231116,0.007703863,0,0,0.001078541,0,0.002580794,0,0.000346674,0.058741959
0,0.000885944,0.001232618,0.089942606,0.000654828,0,0,0,0.000115558,0,3.85E-05,0.000154077,0.005161589,0,0,3.85E-05,3.85E-05,0.145217827,0,0.014329186,0,0,0,0,0,3.85E-05,0,0,0,0,0,0.000462232,0,0,0.021185625,0.00053927,0,0,0.00789646,0,0.011940988,0.003235623,3.85E-05,0,0,3.85E-05,3.85E-05,0.000154077,0.457339856,0,0,0.035283695,0,0,0.139748084,0.005931975,0.009398713,0,0,0,0,0,0,0,0.004853434,0,0.002888949,0,0,0.004198606,0.000231116,0.015446246,0,0,0.00620161,3.85E-05,0.00227264,7.70E-05,0.000154077,0.012557297
0,0.00057779,0.006471245,0.070182196,0.001579292,3.85E-05,0,0,0.000231116,0,3.85E-05,7.70E-05,0.002080043,0,0,0,0,0.073494858,0,0.012210624,0.000154077,0,0,0,0,3.85E-05,0,0,0,0,0,0.001810408,0,0,0.028696891,0.000385193,0,0,0.012826933,0,0.015446246,0.002003005,0,0,0,0,3.85E-05,3.85E-05,0.19976118,0,0,0.025923501,0,0,0.22067717,0.001425215,0.01186395,0,0,0,0,0,3.85E-05,0,0.034474789,0,0.002311159,0,0.000115558,0.001887447,0.00053927,0.006625323,3.85E-05,0,0.0033897,0.000154077,0.000962983,0,0.001194099,0.260197989
0,0.001771889,0.003851932,0.136358384,3.85E-05,0,0,3.85E-05,0,0,3.85E-05,3.85E-05,0.004237125,0,0,0,0,0.029968029,0,0.010015023,0,0,0,0,0,0,0,3.85E-05,0,0,0,0.002041524,0,0,0.034937021,0.00223412,0,0,0.024344209,0,0.01298101,0.003158584,0,0,0.000308155,0,7.70E-05,7.70E-05,0.235198952,0,0,0.089403336,3.85E-05,0,0.284773314,0.000231116,0.012711375,0,0,0,0,0,0,0,0.030237664,0,0.001001502,0,0,0.004121567,0.000500751,0.007973499,3.85E-05,0,0.000231116,0,0.001078541,0,0.001617811,0.064288741
0,0.00115558,0.006471245,0.050344748,0,3.85E-05,0,0,0,0,3.85E-05,3.85E-05,0.006586803,0,0,0,0,0.074534879,0,0.003428219,0.000654828,0,0,0,0,0,0,0.000154077,0,0,3.85E-05,0.00053927,0,0,0.076807519,0.000808906,0,0,0.006586803,0,0.007434228,0.003505258,0,0,0.010477254,0,7.70E-05,3.85E-05,0.093717499,0,0,0.004198606,0,3.85E-05,0.367743924,0.002157082,0.025615346,0,0,0,0,0,0.000115558,0,0.030314703,0,0.000924464,0,0,0.001810408,0.000847425,0.013096568,0.000462232,0,0.003466739,3.85E-05,0.0033897,3.85E-05,0.001810408,0.200454528
0,0.001540773,0.008820924,0.025884981,0,3.85E-05,0,0,0,0,0,7.70E-05,0.011748392,0,0,0,3.85E-05,0.201417511,0,0.0033897,0,0,0,0,0,0,0,0.000154077,0,0,3.85E-05,0.000192597,0,0,0.035938523,0.001579292,3.85E-05,0,0.026925003,0,0.001617811,0.001040022,0,3.85E-05,7.70E-05,0,0.000115558,0.000231116,0.175648088,0,0,0.056893032,0,3.85E-05,0.339855938,0.0033897,0.012172104,0,0,0,0,0,3.85E-05,0,0.05080698,0,0.001232618,0,7.70E-05,0.005007511,0.00057779,0.002349678,0.000115558,0,0.001463734,0,0.00057779,3.85E-05,0.000770386,0.028003544
0,0.000731867,0.017564809,0.027502793,0.000115558,0,0,0,7.70E-05,0,0,7.70E-05,0.004622318,0,0,0,0,0.064982089,0,0.005893456,0,0,0,0,0,0,0,0,0,0,0,0.001463734,0,0,0.034821463,0.001078541,0,0,0.006586803,0,0.027733909,0.000847425,0,0,7.70E-05,0,0,0,0.090982628,0,0,0.054774469,0,0,0.41762644,0.002080043,0.017256654,0,0,0,0,0,7.70E-05,0,0.026963522,0,0.002118562,0,0,0.001463734,0.000231116,0.011632834,0,0,0.003120065,7.70E-05,0.001040022,0,0.001771889,0.174608066
0,0.004968992,0.003890451,0.018296676,0.000192597,0.000154077,0,7.70E-05,3.85E-05,0,0.000231116,0.000115558,0.013866954,0,0,0,0.000269635,0.126266323,0,0.001579292,0.00053927,0,0,0,0,3.85E-05,0,0.000308155,0,0,0.000115558,0,0,0,0.035630369,0.00847425,3.85E-05,0,0.025615346,0,0.001964485,0.002195601,0,0,3.85E-05,0,0.00053927,0.000308155,0.085666962,0,0,0.000115558,0.000115558,0.000115558,0.286545202,0.010592812,0.020492277,3.85E-05,0,0,0,0,0.000115558,0.000154077,0.006740881,0,0.000924464,0,0,0.002041524,0.000192597,0.006856439,7.70E-05,0,0.030507299,0.000346674,0.00396749,0,0.000385193,0.298255075
0,0.000423712,0.002927468,0.107622973,0.000423712,0,0,0,0,0,3.85E-05,7.70E-05,0.012634336,0,0,0,0,0.089788529,0,0.015022534,0,0,0,0,0,0,0,0,0,0,0,0,0,0,0.026347213,0.000192597,0,0,0.002426717,0,0.00396749,0.00562382,0,0,0.000115558,0,7.70E-05,0,0.217056354,0,0,3.85E-05,3.85E-05,0,0.378259697,0.002696352,0.005508262,0,0,0,0,0,0,0,0.005585301,0,0.005739378,0,0,0.003235623,3.85E-05,0.014021032,0,0,0.00057779,0,0.001887447,0,0.000616309,0.096991641
0,0.000423712,0.004160086,0.052155156,0.001771889,0,0,0,3.85E-05,0,3.85E-05,0.000423712,0.004160086,0,0,0,0,0.084203228,0,0.018681869,0.000115558,0,0,0,0,0,0,3.85E-05,0,0,0,0.00169485,0,0,0.087824044,0.000346674,0,0,0.016640345,0,0.020607835,0.001733369,0,0,0.023612342,0,0,0,0.18789723,0,0,0,0.000269635,0,0.178652594,0.002657833,0.026347213,0,0,0,0,0,0,0,0.027002042,0,0.001348176,0,0,0.003351181,0,0.011055044,0,0,0.000462232,0,0.000693348,0,0.008936482,0.232656677
0,0.00057779,0.000192597,0.103694003,0.001579292,0,0,0,3.85E-05,0,0,0,0.001348176,0,0,0,7.70E-05,0.009822426,0,0.023496784,0,0,0,0,0,0,0,0.000154077,0,0,3.85E-05,0.000308155,0,0,0.027348715,0.000192597,0,0,0.016486268,0,0.071530372,0.014906976,0,0,0.013327684,0,7.70E-05,0,0.442663996,0,3.85E-05,0,0,0,0.11116675,0.002773391,0.020954509,0,0,0,0,0,0,7.70E-05,0.011671353,0,0.004160086,0,0,0.002542275,0.000154077,0.008936482,0,0,0.004083048,0,0.008628327,0,0.001771889,0.095181233
0,0.001078541,0.008820924,0.065213204,0,0,0,0,0.000500751,0,0,3.85E-05,0.001348176,0,0,0,0.000385193,0.036208158,0,0.001078541,7.70E-05,0,0,0,0,0,0,3.85E-05,0,0,0,0.003851932,0,0,0.056777474,0.000308155,0,0,0.023304187,0,0.003197103,0.008820924,0,0,0.000962983,0,0,0,0.149262355,0,0,0.000115558,0,0,0.440275798,0.000616309,0.042486807,0,0,0,0,0,7.70E-05,0,0.015715882,0,0.000962983,0,0,0.002734872,7.70E-05,0.026655368,7.70E-05,0,0.001771889,0,0.009668349,0,0.000616309,0.096876083
0,3.85E-05,0.008666846,0.091252263,0.000308155,0,0,0,0.000308155,0,3.85E-05,0,0.006471245,0,0,0,0.000115558,0.017333693,0,0.006702361,3.85E-05,0,0,0,0,0,0,3.85E-05,0,0,0,0.002465236,0,0,0.0067794,0.000192597,0,0,0.05134625,0,0.015523285,0.005700859,0,0,0.00053927,0,0,0,0.187589076,0,0,0,0,3.85E-05,0.338238126,0.001078541,0.037209661,0,0,0,0,0,0.000115558,0,0.012749894,0,0.003004507,0,0,0.002118562,0.000115558,0.023881977,3.85E-05,0,0.000693348,0,0.00562382,0,0.001040022,0.172605061
0,0.000308155,0.001386695,0.086437348,0.000731867,0,0,3.85E-05,0.000115558,0,0,0,0.000770386,0,0,0,7.70E-05,0.004622318,0,0.012249143,0,0,0,0,0,0,0,0,0,0,3.85E-05,0.002773391,0,0,0.008166095,0.000192597,0,0,0.002696352,0,0.014444744,0.005739378,0,0,0.000115558,0,0,0,0.359539309,0,0,0,0,0,0.187512037,0.001617811,0.010438735,0,0,0,0,0,0,0,0.0101691,0,0.003697854,0,0,0.001194099,0.000231116,0.01186395,0,0,0.000385193,0,0.002465236,0,0.000924464,0.269057432
0,0.000346674,0.000962983,0.127229305,0.000423712,0,0,0,0.000616309,0,0,7.70E-05,0.007087554,0,0,0,0,0.005777898,0,0.009475752,0,0,0,0,0,0,0,0,0,0,0,0.001040022,0,0,0.005854936,0.000154077,3.85E-05,0,0.009937984,0,0.00959131,0.005200108,0,0,0.000154077,0,0,0,0.301182543,0,0,0,0,0,0.249913332,0.000808906,0.019798929,0,0,0,0,3.85E-05,3.85E-05,0,0.004737876,0,0.003620816,0,0,0.002657833,0,0.030892493,3.85E-05,0,0.000231116,0,0.005200108,0,0.001348176,0.195524055
0,0.000654828,0.004083048,0.109125226,0.000346674,0.000616309,0,0.000500751,3.85E-05,0,0,3.85E-05,0.002349678,0,0,0,3.85E-05,0.007934979,0,0.016139594,3.85E-05,0,0,0,0,0,0,0.001386695,0,0.00111706,0,0.001386695,0,0,0.024498286,0,3.85E-05,0,0.010284658,0,0.01467586,0.006817919,0,0,0.001502253,0,3.85E-05,0,0.307615269,0,0,0.001309657,0,0,0.231809252,0.001348176,0.024036054,0,7.70E-05,0,0,0,0.022110088,0.004429722,0.013173607,0,0.00223412,0,0.000269635,0.001425215,3.85E-05,0.018951504,0.000115558,0,0.000462232,0,0.008012018,0,0.001463734,0.15746697
0,0.004275644,0.006625323,0.019567813,0.000154077,0,0,0.000154077,7.70E-05,0,0.000346674,7.70E-05,0.017333693,0,0,0,7.70E-05,0.300104002,0,0.000731867,0,0,0.000192597,0,0,0,0,0.000269635,0,0,7.70E-05,0.000192597,0,0,0.034898502,0.002080043,0,3.85E-05,0.07222372,0,0.009090559,0.000154077,0,0,0,0,0.004275644,0.000154077,0.032625862,0,0,3.85E-05,0,0.000346674,0.241400562,0.002080043,0.02989099,3.85E-05,0.00057779,0,0,0,0.000154077,0,0.00562382,0,0.000770386,7.70E-05,0.000154077,0.000770386,0.042178653,0.002619314,0,0,0.00450676,0.005315666,0.001771889,0,3.85E-05,0.155849158
0,0.001579292,0.002542275,0.057355264,0.000269635,0,0,0,7.70E-05,0,0,7.70E-05,0.006394207,0,0,0,0.000115558,0.06097608,0,0.005816417,0,0,0,0,0,0,0,3.85E-05,0,0,0,0.001271137,0,3.85E-05,0.054081122,0.000731867,7.70E-05,0,0.024536805,0,0.02484496,0.011016525,0,0,7.70E-05,0,0.000770386,0,0.141365895,0,0,7.70E-05,0,0.000115558,0.452216787,0.004468241,0.022610839,0,0.000115558,0,0,0,7.70E-05,0,0.010284658,0,0.001887447,0,0,0.002503756,0.009552791,0.008281653,0,0,0.002773391,7.70E-05,0.000693348,0,0,0.090212241
0,0.00115558,0.004198606,0.056931551,0.000269635,0,0,3.85E-05,0,0,0,0.000154077,0.007511267,0,0,0,0.000346674,0.106852587,0,0.006355687,7.70E-05,0,0,0,0,0,0,0,0,0,0,0.000115558,0,0,0.074765995,0.00053927,0,0,0.003813412,0,0.004583799,0.000192597,0,0,0.000115558,0,0.001040022,0,0.220946805,0,0,0,0,3.85E-05,0.33974038,0.001309657,0.022379723,0,0,0,0,0,0,0,0.009976503,0,0.010092061,0,0,0.003158584,0.011016525,0.007588306,0,0,0.004083048,0.000616309,0.003158584,0,0.000115558,0.096722006
0,0.001271137,0.011902469,0.049189168,0.000885944,0,0,0,3.85E-05,0,0.000115558,3.85E-05,0.000924464,0,0,0,0.000154077,0.025345711,0,0.00789646,3.85E-05,0,0,0,0,0,0,0,0,0,3.85E-05,0.01860483,0,0,0.145487462,0.000308155,0,0,0.020684873,0,0.038557837,0.003813412,0,0,0,0,0.000693348,3.85E-05,0.226069874,0,0,0,0,0,0.140441431,0.00053927,0.034821463,0,3.85E-05,0,0,0,0,0,0.010092061,0,0.002465236,0,0,0.000924464,0.014252147,0.015831439,3.85E-05,0,0.001810408,0.000115558,0.001348176,0,0.002349678,0.222834251
0,0.001810408,0.010053542,0.02877393,0.000115558,0,0,0,0.000192597,3.85E-05,0.000231116,7.70E-05,0.008666846,0,0,0,0,0.236161935,0,0.001425215,0,0,0,0,0,0,0,0.000346674,0,0,0,0.000885944,0,0,0.021301183,0.001348176,0,0,0.109279304,0,0.010092061,0.000962983,0,0,0.006586803,0,0,3.85E-05,0.082585417,0,0,0,0,0,0.359385232,0.002542275,0.021570818,0,0.000654828,0,0,0,7.70E-05,0,0.003890451,0,0.001617811,0,0,0.001502253,0,0.002619314,3.85E-05,0,0.00566234,0,0.000847425,0,0,0.078617927
0,0.000770386,0.007049035,0.120295828,0.001617811,0,0,0,0.000385193,0,0,3.85E-05,0.013943993,0,0,0,0,0.029428759,0,0.026424252,3.85E-05,0,0,0,0,0,0,3.85E-05,0,0,0,0.000192597,0,0,0.021301183,0.000192597,7.70E-05,3.85E-05,0.14783714,0,0.003351181,0.001579292,0,0,0.001232618,0,0,0,0.276915373,0,0,0,0,0,0.233465583,0.002157082,0.022264165,0,0.000654828,0,0,0,0,0,0.007126074,0,0.006586803,0,0,0.003543777,0,0.00508455,0,0,0.001925966,0,0.002888949,0,0.00111706,0.060436809
0,0.005854936,0.001848927,0.023959015,0.000154077,0,0,7.70E-05,0,0,0,3.85E-05,0.029274681,0,0,0,0.000115558,0.424290282,0,0.004352683,3.85E-05,0,0,0,0,0,0,0.000924464,0,0,0,0,0,3.85E-05,0.016640345,0.004006009,0,0,0.014906976,0,0.036439274,0.000616309,0,0,0.001771889,0,0,0,0.117676515,0,0,0,0,0,0.157621047,0.001271137,0.010978005,0,0.000616309,0,0,0,0.000346674,0,0.006432726,0,0.000231116,0,0,0.001656331,0,0.002388198,0,0,0.017064058,0,0.002426717,0,0.002311159,0.113631986
0,0.005315666,0,0.291899388,0.004160086,0,0,0,0.001271137,0,0,0,0.001463734,0,0,0,0,0.001540773,0,0.054658911,0,0,0,0,0,0,0,3.85E-05,0,0,0,0.004314164,0,0,0.137668041,0.00053927,0,0,0.001656331,0,0.023034552,0.00566234,0,0,0,0,0,0,0.314972459,0,0,7.70E-05,0,0,0.075382304,0.003274142,0.001810408,0,0,0,0,0.000346674,0,3.85E-05,0.018951504,0,0.004930473,0,0,0.001887447,0.000115558,0.029736913,0,0,0.000423712,0,0.000115558,0,0.014444744,0.000269635
0,0.000885944,0.012480259,0.060860522,0.000500751,0,0,0,0,0,7.70E-05,0,0.004391202,0,0,0,0,0.063056123,0,0.01182543,0,0,0,0,0,0,0,7.70E-05,0,0,0,0.00115558,0,0,0.02650129,0.003120065,0,3.85E-05,0.073109664,0,0.015908478,0.001463734,0,0,0.000616309,0,0,0,0.124764069,0,0,0,0,0,0.459997689,0.001078541,0.008012018,0,0.000500751,0,0,0,0,0,0.00450676,0,0.002311159,0,0,0.001617811,0.000115558,0.017641847,7.70E-05,0,0.003004507,0,0.004891953,0,3.85E-05,0.09537383
0,0.002195601,0.005546782,0.07280151,0.002003005,0,0,0,3.85E-05,0,3.85E-05,0,0.005007511,3.85E-05,3.85E-05,3.85E-05,0,0.004006009,0,0.014329186,0,0,0,0,7.70E-05,0,0,7.70E-05,0,0,0,0,0,0,0.03162436,0.000346674,0,0,0.009129078,0,0.01918262,0.000847425,0,3.85E-05,0.001733369,0,0,0,0.223335003,0,0,0,0,0,0.46273256,0.000808906,0.008127576,0,0,0,0,0,0,0,0.003004507,0,0.005931975,0,0,0.002195601,0.000192597,0.006317168,7.70E-05,0,0.004083048,0,0.002465236,0,0,0.111590463
0,0.057663418,0,0.144601518,0.001194099,0.000192597,0,3.85E-05,0.001848927,0,0,0,0.006702361,0,0,0,0.001194099,0.100766534,0,0.08975001,0,0,0,0,0,0,0,0.000192597,0,0,0,0.000231116,0,0,0.007819421,3.85E-05,0,0,0.002118562,0,0.002580794,0.000154077,0,0,0,0,0,0,0.463464427,0,0,0.054119641,0,7.70E-05,0.027887986,0.001733369,0.004891953,0,0,0,0,0,0.00227264,0,0.004468241,0,0.005354185,0,0,0.004006009,0,0.010246138,3.85E-05,0.000962983,0.001502253,0.000115558,3.85E-05,0,0,0.001733369
0,0.16424637,0,0.079966103,0.000231116,0,0,0.000423712,0.000654828,0,7.70E-05,0,0.011401718,0,0,0,0.027965024,0.087592928,0,0.03046878,0,0,0,0,7.70E-05,0,0,0.005546782,0,0,0,0.000192597,0,0,0.002465236,0.000231116,0.000154077,0,0.02480644,0,0.000423712,0.000616309,0,0,0.000192597,0,0,3.85E-05,0.389430299,0,0,0,0.000154077,0,0.059897539,0.054004083,0.019028543,0,0,0,0.000115558,0,0.002388198,7.70E-05,0.003466739,0,0.008166095,0,0,0.004583799,0.000346674,0.013404722,0,0,0.006548284,0.000231116,7.70E-05,0,0,0.000308155
0,0.028889488,0,0.253457109,0.0033897,0.001579292,0,7.70E-05,0.001733369,0,0,3.85E-05,0.0033897,0,0,0,0.006432726,0.056661916,0,0.144909672,3.85E-05,0,0,0,0,0,0,0.00115558,0,0,0,7.70E-05,0,0,0.005277146,3.85E-05,0.031547321,0,0.001925966,0,0.037941528,0.001194099,0,0,0,0,0,0,0.313662802,0,0,0.035206656,0,0,0.032279188,0.001579292,0.002888949,0,0,0,0,0,0.009090559,0.000269635,0.003043026,0,0.005315666,0,0.000385193,0.002696352,3.85E-05,0.009937984,7.70E-05,0.002157082,0.000654828,3.85E-05,0,0,0,0.000924464
0,0.071222218,0,0.185547552,0.00227264,0,0,0.000154077,0.000847425,0,0,0,0.005585301,0,0,0,0.007703863,0.007434228,0,0.067293248,3.85E-05,0,0,0,0,0,0,3.85E-05,0,0,0,0.000231116,0,0,0.006971996,7.70E-05,0,0,0.002080043,0,0.016178113,0.007087554,0,0,0,0,0,0,0.462848118,0,0,0,0,0,0.068217711,0.013943993,0.026424252,0,0,0,0,0,0.002118562,0,0.022264165,0,0.009514271,0,0,0.004352683,7.70E-05,0.007588306,0,0,0.001425215,0,0.000231116,0,0,0.000231116
0,0.082046146,0,0.173991757,0.001463734,0,0,0.000154077,0.002773391,0,0,0,0.00789646,0,0,0,0.010438735,0.141327376,0,0.048341743,0,0,0,0,0,0,0,0.000154077,0,0,0,0.000731867,0,0,0.029005046,3.85E-05,0,0,0.005777898,0,0.020993028,0.00169485,0,0,0,0,0,0,0.287623743,0,0,0,3.85E-05,0,0.094372328,0.004814915,0.040676399,0,0,0,0,0,0.00053927,0,0.016216633,0,0.01128616,0,0,0.004776395,0.000115558,0.009937984,0,0,0.00227264,3.85E-05,0.000308155,0,0,0.000154077
0,0.06544432,0,0.268364085,0.000308155,0,0,0.000269635,0.003235623,0,0,0.000308155,0.006702361,0,0,0,0.011979508,0.05473595,0,0.122722545,0,0,0,0,0,0,0,7.70E-05,0,7.70E-05,0,0.000192597,0,0,0.042563846,0.000115558,3.85E-05,0,0.007588306,0,0.006009014,0.016293671,0,0,3.85E-05,0,0,0,0.269558183,0,0,0.000154077,0.000269635,0,0.081352798,3.85E-05,0.012595817,0,0,0,0,0,0.001617811,0,0.00735719,0,0.005777898,0,0,0.00620161,0,0.007203112,3.85E-05,0,0.000231116,0,0,0,0,0.00053927
0,0.003890451,0.002311159,0.012711375,3.85E-05,0,0,3.85E-05,0,0,0,3.85E-05,0.00959131,0,0,0,0,0.214706675,0,0.00169485,0,0,0,0,0,0,0,0.000115558,0,0,0,0.000231116,0,0,0.03158584,0.001887447,0,7.70E-05,0.010900967,0,0.017064058,0.000770386,0,0,0.001425215,0,0,0,0.037710412,3.85E-05,0,0,0,0,0.205346481,0.000616309,0.018720388,0,0.000308155,0,0,0,0,0,0.005700859,0,0.000154077,0,0,0.000423712,3.85E-05,0.005315666,0,0,0.002734872,0,0.002041524,0,0.000885944,0.410885559
0,0.113786064,0,0.118755056,0.00053927,0,0,7.70E-05,0.001964485,0,0,0,0.014945495,0,0,0,0.014984014,0.071453334,0,0.111089711,0,0,3.85E-05,0,0,0,0,0.000462232,0,0,0,0.000192597,0,0,0.019413736,7.70E-05,0.000115558,0,0.006625323,0,0.003620816,0.007087554,0,0,0,0,0,3.85E-05,0.411463349,0,0,3.85E-05,3.85E-05,0,0.046223181,0.030507299,0.004968992,0,0,0,0,0,0.000808906,0,0.003851932,0,0.007665344,0,0,0.003312661,0.000154077,0.005200108,0,0,0.000231116,0.000115558,0.000115558,0,0,3.85E-05
0,0.039636378,0,0.085012134,0.009167598,0,0,3.85E-05,0.000154077,0,0.000500751,3.85E-05,0.004160086,0,0,0,0.000770386,0.017179616,0,0.055583375,0,0,0,0,0,0,0,3.85E-05,0,0,3.85E-05,0.00227264,0,0,0.160201841,0.007434228,3.85E-05,3.85E-05,0.000654828,0,0.019953006,0.000192597,0,0,0,0,0.000308155,3.85E-05,0.276645738,0,0,0,0.000770386,3.85E-05,0.09256192,0.004583799,0.084126189,0,0,0,0,0.000231116,0.000269635,7.70E-05,0.035091098,0,0.005469743,0,0,0.003197103,0.00396749,0.017564809,0,0,0.007126074,0.00115558,0.005046031,0,0,0.058626401
0,0.077346789,7.70E-05,0.09028928,0.000231116,0,0,0.000115558,0.000269635,0,0.000154077,0,0.018296676,0,0,0,0.001078541,0.125033704,0,0.0169485,0,0,0,0,0,0,0,0.000154077,0,0,0,0,0,0,0.074265244,0.013173607,3.85E-05,0.000500751,0.013173607,0,0.001232618,0.000154077,0,0,0,0,0,3.85E-05,0.335541774,0,0,0,0.000346674,0,0.122144756,0.01637071,0.020145603,0,0,0,0,7.70E-05,7.70E-05,3.85E-05,0.022225646,0,0.003543777,0,0,0.003312661,0.002888949,0.022264165,0,0,0.001502253,0.000770386,0.000231116,0,0,0.015946997
0,0.006471245,0.000500751,0.12191364,0.011247641,0,0,0.000269635,0.000693348,0,7.70E-05,3.85E-05,0.000462232,0,0,0,0,0.000616309,0,0.183005277,0,0,0,0,0,0,0,7.70E-05,0,0,0,0.007164593,0,0,0.262547668,0.002311159,0,0,0.000808906,0,0.012249143,3.85E-05,0,0,0,0,0,3.85E-05,0.17044798,0,0,0,0.000154077,0,0.08462694,0,0.039751936,0,3.85E-05,0,0,0,0,0,0.034320712,0,0.002503756,0,0,0.001771889,0.002080043,0.005123069,0,0,0,0,0.000423712,0,0,0.048226185
0,0.007395709,7.70E-05,0.04683949,0.001502253,0,0,0,0.000192597,0,0.000231116,0,0.000423712,0,0,0,0.000115558,0.012749894,0,0.042872,0,0,0,0,0,0,0,7.70E-05,0,0,0,3.85E-05,0,0,0.122491429,0.001810408,0,0,0.00057779,0,0.004160086,0.00396749,0,0,0,0,0.000115558,0,0.11174454,0,0,3.85E-05,0.003697854,0,0.172335426,0.000231116,0.251492624,0,0,0,0,0,0,0,0.154192828,0,0.000654828,0,0,0.000385193,0.000924464,0.003890451,0,0,0.00053927,7.70E-05,0.006240129,0,0,0.047918031
0,0.025538307,0.00053927,0.156966219,0.006933477,0,0,0.000308155,0.002542275,0,0.000423712,0,0.001733369,0,0,0,0.000385193,0.033974038,0,0.073687454,0,0,0,0,0,0,0,0,0,0,0,0.008050537,0,0,0.145410423,0.006432726,3.85E-05,0,0.002965987,0,0.092061169,3.85E-05,0,0,0,0,0.000154077,0,0.382381264,0,0,0.011324679,7.70E-05,3.85E-05,0.001194099,0,0.011709873,0,0,0,0,0,0,0,0.009899465,0,0.003120065,0,0,0.003120065,0.001810408,0.012672855,0,0,0.002503756,3.85E-05,0.001617811,0,0,0.000308155
0,0.008358692,0,0.055390778,0.000924464,0,0,0.00053927,0.000269635,0,0.000192597,0,0.000385193,0,0,0,0.00111706,0.000423712,0,0.082161704,0,0,0,0,0,0,0,7.70E-05,0,0,0,0.020684873,0,0,0.278340588,0.002657833,0,0.000192597,0.000308155,0,0.015022534,0.000192597,0,0,0,0,0,0,0.120488425,0,0,0.036323716,0.000885944,0,0.225338007,0.001810408,0.028542814,0,0,0,0,0,3.85E-05,0,0.052694426,0,0.001925966,0,0,0.00053927,0.001348176,0.003659335,0,0,7.70E-05,3.85E-05,0.000770386,0,0,0.058279727
0,0.014868457,0,0.158545511,0.006894958,0,0,0.000346674,0.000847425,0,7.70E-05,0,0.00223412,0,0,0,0.000115558,0.003043026,0,0.057509341,0,0,0,0,0,0,0,0,0,0,0,0.002850429,0,7.70E-05,0.107391857,0.0033897,0,0,0.00057779,0,0.021763414,0.000308155,0,0,0,0,0,0,0.430491892,0,0,0,0.000885944,3.85E-05,0.090327799,0.003505258,0.034744424,0,0,0,0,0,0,0,0.019529294,0,0.006278649,0,0,0.002080043,0.00169485,0.005700859,0,0,7.70E-05,0.000192597,0.000731867,0,0,0.022880475
0,0.151612033,0,0.069719965,0.007857941,3.85E-05,0,0.000269635,0.000423712,0,0.000192597,0,0.002888949,0,0,0,0.00392897,0.145834136,0,0.067447325,0,0,0,0,0,0,0,7.70E-05,0,0,0,0,0,0,0.007780902,0.019644852,0,0,0.003351181,0,0.006817919,0.000115558,0,0,0,0,0,0.000115558,0.136088749,0,0,3.85E-05,7.70E-05,0.000192597,0.050306229,0.006240129,0.004275644,0.004468241,0,0,0,0,0.009937984,0.000423712,0.00450676,0,0.002965987,0,0.003081545,0.000731867,0.276183506,0.001771889,0,0.000462232,0.000115558,0.006933477,3.85E-05,0,0,0.003043026
0,0.041600863,0,0.121297331,0.005392704,0,0,3.85E-05,0.000423712,0,0.00057779,0,0.00111706,0,0,0,0.001579292,0.004083048,0,0.126921151,0,0,0,0,0,0,0,0.000154077,0,0,0,0.00508455,0,0,0.074226725,0.000770386,7.70E-05,0,0.001309657,0,0.109741535,0.000500751,0,0,0,0,0,3.85E-05,0.339316667,0,0,0,0,0,0.089480374,0.001348176,0.005931975,3.85E-05,0,0,0,0,7.70E-05,0.000154077,0.008628327,0,0.00562382,0,0.000115558,0.002118562,0.044643889,0.0067794,0,0,3.85E-05,0.000154077,0.000462232,0,0,0.000154077
0,0.046107623,0,0.099649474,0.006355687,0,0,3.85E-05,0.000847425,0,0.000423712,0,0.003351181,0,0,0,7.70E-05,0.020530796,0,0.057971573,0,0,0,0,0,0,0,3.85E-05,0,0,3.85E-05,0,0,0,0.004583799,0.001309657,0,0,0.000616309,0,0.004622318,0.000962983,0,0,0,0,3.85E-05,3.85E-05,0.60833558,0,0,0,0.000654828,7.70E-05,0.049612881,0.00508455,0.021147105,3.85E-05,0,0,0,0,0.000770386,3.85E-05,0.00731867,0,0.003351181,0,0.000115558,0.002041524,0.047070606,0.00566234,0,0,0.00057779,0.000231116,0.000269635,0,0,0
0,0.051076615,0,0.142020723,0.012711375,0,0,0,0.001271137,0,0.000808906,0,0.00111706,0,0,0,3.85E-05,0.01070837,0,0.106428874,0,0,0,0,0,0,0,7.70E-05,0,0,0,0.004237125,0,0,0.062902045,0.001078541,3.85E-05,0,0.001925966,0,0.035900004,0.00053927,0,0,0,0,0,3.85E-05,0.254150456,0,0,0,0.000500751,3.85E-05,0.142829629,0.001463734,0.051115134,7.70E-05,0,0,0,0,0.000308155,0,0.029968029,0,0.006933477,0,3.85E-05,0.000654828,0.062593891,0.006933477,0,0,0.000115558,0,0.000154077,0,0,0.009206117
0,0.075574901,3.85E-05,0.150803128,0.004814915,0,0,0,0.001925966,0,0.001733369,0,0.001078541,0,0,3.85E-05,0,0.008050537,0,0.062555372,0,0,0,0,0,0,0,0.000423712,0,0,0,0.001194099,0,0,0.045375756,0.000962983,0,0,0.001271137,0,0.011363199,0.000231116,0,0,0,0,3.85E-05,0,0.339624822,0,0,0,0.00053927,3.85E-05,0.092754516,0.005700859,0.037903008,0,0,0,0,0,0.000115558,0.000115558,0.019953006,0,0.005354185,0,0.000346674,0.002157082,0.119987674,0.006548284,0,0.000115558,0.000115558,0.000616309,0.000154077,0,0,0.000385193
0,0.138785101,0,0.0993028,0.000346674,0,0,0.000308155,0.001194099,0,0.000269635,0,0.001733369,0,0,0,0.006240129,0.043064597,0,0.035630369,0,0,0,0,0,0,0,0.000192597,0,0,0,0.001078541,0,0,0.006625323,0.004044528,3.85E-05,3.85E-05,0.000962983,0,0.004083048,0.000154077,0,0,0,0,0,0.000115558,0.167289396,0,0,0,0,0.000385193,0.322560764,0.001887447,0.027618351,0,0,0,0,0,0.001309657,3.85E-05,0.007126074,0,0.002118562,0,0.000115558,0.001001502,0.087824044,0.005123069,0,0,0.005816417,0.000346674,0.000654828,0,0,0.024575325
0,0.004699357,0,0.000885944,0.000308155,0,0,7.70E-05,0,0,0,0,0,0,0,0,0.000192597,0.000192597,0,0.023920496,0,0,0,0,0,0,0,0,0,0,0,0,0,0,0.510419475,0.005931975,0.023997535,0.000115558,0.003620816,0,0.00959131,3.85E-05,0,0,0,0,0,0,0.110011171,0,0,0.000115558,0,0,0.02087747,0,0.003774893,0,0,0,0,0,0,0,0.10438735,0,0,0,0,0.007280151,0.139709564,0.00053927,0,0,0.028080582,0,0.00111706,0,0,0.000115558
0,0.127575979,0,0.043218674,3.85E-05,0,0,0.001232618,0.001579292,0,3.85E-05,0,0.003120065,0,0,0,0,0.149917183,0,0.104926621,0,0,0,0,0,0,0,0.000423712,3.85E-05,0,0,0,0,0,0.013019529,0.00620161,0,0,0.005585301,0,0.004853434,0.000500751,0,0,0,0,0,0,0.410076653,0,3.85E-05,0,3.85E-05,7.70E-05,0.088979623,0.004160086,0.0033897,0,0,0,0,0,0.00281191,0,0.004468241,0,0.006009014,0,0,0.006163091,0.000192597,0.007819421,0,0,0.002349678,7.70E-05,0,0,0,0.001078541
0,0.044181657,0,0.07788606,0.000269635,0,0,0.000154077,0.000346674,0,0,3.85E-05,0.004468241,0,0,0,0.000154077,0.004853434,0,0.044412773,0,0,0,0,0,0,0,3.85E-05,0,0,3.85E-05,0.014444744,0,0,0.208659143,0.004121567,3.85E-05,0,0.002465236,0,0.026732406,0.003851932,0,0,0,0,0,0,0.221254959,0,0,0.001656331,0.000192597,0,0.221909788,0.004545279,0.02877393,0,0,0,0,0,0.000154077,0,0.037363738,0,0.003081545,0,0,0.002734872,0.000192597,0.005854936,0,0,0.002157082,3.85E-05,0.000962983,0,0,0.031971033
0,0.007395709,0,0.186587574,0.003235623,0,0,0,0.000654828,0,3.85E-05,0,0.000462232,0,0,0,0,0.012595817,0,0.154847656,0,0,0,0,0,0,0,3.85E-05,0,0,0,0.00115558,0,0,0.011209121,0.000192597,0,0,0.000231116,0,0.061707947,0.001925966,0,0,0,0,0,0,0.511921729,0,0,0,0,0,0.011132083,0.000423712,0.004891953,0,0,0,0,0,0.000115558,0,0.0135588,0,0.00847425,0,0,0.001348176,0.000192597,0.005161589,7.70E-05,0,0.000346674,0,0,0,0,7.70E-05
0,0.0203382,0,0.134625014,0.005277146,0,0,0,0.000847425,0,3.85E-05,0,0.000885944,0,0,0,0,0.003659335,0,0.112553446,0,0,0,0,0,0,0,0.000154077,0,0,0,0.009437233,0,0,0.030276184,0.005585301,0,0,0.003004507,0,0.014984014,0.013943993,0,0,0,0,0,3.85E-05,0.367166134,0,0,0.000654828,0.000654828,0,0.081468356,0.00053927,0.078964601,0,0,0,0,7.70E-05,0.000231116,0.000847425,0.028157621,3.85E-05,0.008320173,0,0.000308155,0.00111706,0.000231116,0.006471245,0,0,0.004776395,0,0.003659335,0,0,0.060667925
0,0.044220176,3.85E-05,0.083856554,0.000192597,0,0,0.000269635,0.001617811,7.70E-05,3.85E-05,0,0.000654828,0,0,0,0,0.17553253,0,0.188205385,0,0,0,0,0,0,0,0.000500751,0,0,0,0.000115558,0,3.85E-05,0.017641847,0.007395709,3.85E-05,0,0.002619314,0,0.003312661,3.85E-05,0,0,0,0,0,0,0.433034167,0,0,0.000885944,0,0,0.018720388,0.001887447,0.000385193,0,0,0,0,0,0.000154077,0,0.001964485,0,0.008281653,0,0,0.001617811,0.000885944,0.002696352,0,0,0.001733369,0,3.85E-05,0,0,0.001309657
0,0.026039059,7.70E-05,0.073533377,0.000269635,0,0,0.000154077,0.001964485,0,0.000192597,0,0.001425215,0,0,0,0.001810408,0.201417511,0,0.039790455,0,0,0,0,0,0,0,0,0,0,0,0.003274142,0,0,0.133045722,0.010284658,0,0,0.005431224,0,0.013481761,0.000115558,0,0,0,0,0,0,0.166788645,0,0,0,0.000308155,0,0.144139286,0.000115558,0.049882516,0,0,0,0,0,0,0,0.101113208,0,0.006124571,0,0,0.002311159,0.000308155,0.003582297,0,0,0.00115558,3.85E-05,0.00169485,0,0,0.01013058
0,0.031816956,3.85E-05,0.103732522,0.000192597,3.85E-05,0,7.70E-05,0.001348176,0,3.85E-05,0,0.00223412,0,0,0,7.70E-05,0.366434267,0,0.046608374,0,0,0,0,0,0,0,0.000231116,0,0,0,7.70E-05,0,0,0.003351181,0.012749894,0.000346674,0,0.000500751,0,0.001502253,0.00053927,0,0,0,0,0,0,0.382381264,0,0,3.85E-05,0,0,0.018296676,0.006663842,0.001194099,0,0,0,0,0,0,0,0.004391202,0,0.006047533,0,0,0.002696352,0.000462232,0.00450676,0,0,0.00111706,0,0.000192597,0,0,7.70E-05
0,0.02992951,0,0.086976619,0.000269635,0,0,0.000192597,0.000500751,0,0,0,0.001771889,0,0,0,0.003659335,0.04737876,0,0.074188205,0,0,0,0,0,0,0,3.85E-05,0,0,0,0.00508455,0,0,0.208350988,0.009899465,3.85E-05,0,0.004198606,0,0.022379723,0.001040022,0,0,0,0,0,0,0.392319248,0,0,0.000231116,0.000115558,0,0.038673395,0.002542275,0.02484496,0,0,0,0,0,0,0,0.032664381,0,0.004891953,0,0,0.001771889,0.000346674,0.004160086,0,0,0.000385193,0,0.000308155,0,0,0.000847425
0,0.013212126,0,0.088864065,0.006009014,0,0,3.85E-05,0.000192597,0,0,0,0.00057779,0,0,0,0,0.019529294,0,0.276915373,0,0,0,0,3.85E-05,0,0,0.000308155,3.85E-05,0,0,0.002041524,0,0,0.170602057,0.078733485,0,0,0.000308155,0,0.12075806,0,0,0,0,7.70E-05,0,0,0.144678556,0,0,0,0.000308155,0,0.043488309,0.000192597,0.003890451,0,0,0,0,0,0,3.85E-05,0.018104079,0,0.00281191,0,3.85E-05,0.000269635,0.000423712,0.003235623,0,0,0.00111706,0,0,0,0,0.003158584
0,0.019953006,0,0.170216864,0.001271137,0,0,3.85E-05,0.001271137,0,0,0,0.00111706,0,0,0,0.002580794,0.020800431,0,0.133777589,0,0,0,0,0,0,0,0.000346674,0,0,0.000115558,0.001271137,0,0,0.07503563,0.024382728,0,0,0.000962983,0,0.01074689,0.000269635,0,0,0,0,0,0,0.393243712,0,0,3.85E-05,7.70E-05,0,0.097453873,0.000616309,0.007934979,0,0,0,0,0,7.70E-05,3.85E-05,0.017141096,0,0.01070837,0,0,0.001579292,0.000192597,0.004160086,0,0,0.000924464,0,7.70E-05,0,0,0.001579292
0,0.008859443,7.70E-05,0.121181773,0.000885944,0,0,3.85E-05,0.00115558,0,0,0,0.001887447,0,0,0,0,0.010554293,0,0.048919533,0,0,0,0,0,0,0,0,0,0,0,0.021185625,0,0,0.255190478,0.000154077,0,0,0.005354185,0,0.012826933,0.015638843,0,0,0,0,0.000115558,0.000616309,0.121066215,0,0,0.003890451,0.001425215,0,0.256885328,0.002503756,0.045414275,0,0,0,0,0,0,0,0.044489812,0,0.005816417,0,0,0.00392897,0.000115558,0.007742383,0,0,0.000731867,0,0.001348176,0,0,0
0,0.017102577,0.000115558,0.07503563,0.113824583,0,0,0,0.001271137,0,3.85E-05,0,0.003659335,0,0,0,3.85E-05,0.004968992,0,0.033588845,0,0,0,0,0,0,0,0.000115558,0,0,0,0.005700859,0,0,0.090366319,0.000115558,3.85E-05,0,0.010631332,0,0.106236277,0.002850429,0,0,0,0,0.00057779,0.000808906,0.252917838,0,0,0.009937984,0.000346674,0,0.099379839,0.002003005,0.087978121,0,0,0,0,0.000192597,0.000192597,0,0.039020069,0,0.006086052,0,0,0.00562382,0.000385193,0.021108586,0,0,0.004891953,0,0.002850429,0,0,0
0,0.013327684,0,0.121374369,0.058626401,0,0,3.85E-05,0.000423712,0,0,0,0.001425215,0,0,0,3.85E-05,0.011940988,0,0.113054197,0,0,0,0,0,0,0,3.85E-05,0,0,0,0.000154077,0,0,0.009783907,7.70E-05,7.70E-05,0,0.003158584,0,0.101536921,0.001040022,0,0,0,0,0,0.000269635,0.51300027,0,0,0.005200108,0.000154077,0,0.01467586,0.000693348,0.010053542,0,0,0,0,0,0.002619314,0,0.005392704,0,0.0033897,0,3.85E-05,0.001925966,0.000231116,0.004083048,0,0,0.002003005,0,7.70E-05,0,0,7.70E-05
0,0.009514271,0,0.240360541,0.016139594,0,0,3.85E-05,0.000462232,0,0,0,0.000423712,0,0,0,0,0.001463734,0,0.111783059,0,0,0,0,0,0,0,0,0,0,0,0.001232618,0,0,0.026616848,7.70E-05,0,0,0.000115558,0,0.054774469,0.014367705,0,0,0,0,0.000115558,0.000385193,0.350910982,0,0,0,0.000192597,7.70E-05,0.060899041,0.002426717,0.042101614,0,0,0,0,0.000115558,0.00169485,0,0.036785948,0,0.004930473,0,0,0.00111706,0.000423712,0.018527792,0,0,0.001348176,0,0.00057779,0,0,0
0,0.010978005,0,0.203882747,0.018566311,0,0,0,0.001001502,0,0,0,0.001579292,0,0,0,3.85E-05,0.023227148,0,0.129694542,0,0,0,0,0,0,0,3.85E-05,0,0,0,0.003697854,0,0,0.023766419,3.85E-05,0,0,0.002003005,0,0.048611379,0.001733369,0,0,0,0,7.70E-05,0.000269635,0.34139671,0,0,0.005469743,7.70E-05,0,0.086861061,0.006509765,0.036593352,0,0,0,0,0,0.000192597,0,0.031085089,0,0.006702361,0,3.85E-05,0.002080043,0.000269635,0.01070837,0,0,0.00227264,0,0.000500751,0,0,3.85E-05
0,0.012711375,0,0.138130272,0.000385193,0,0,0,0.001348176,0,0,0,0.000693348,0,0,0,0,3.85E-05,0,0.099264281,0,0,0,0,0,0,0,3.85E-05,0,0,0,0.001309657,0,0,0.175339933,3.85E-05,0,0,0.000231116,0,0.001925966,0.010631332,0,0,0,0,3.85E-05,0.000154077,0.345980509,0,0,0,0.000500751,0,0.123916644,0.000385193,0.038827472,0,0,0,0,0,0.002657833,0,0.033434768,0,0.003004507,0,0,0.001001502,0.000192597,0.007434228,0,0,0.000346674,3.85E-05,0,0,0,0
0,0.078386811,0,0.133353877,0.000231116,0,0,0,0.003004507,0,0.000115558,3.85E-05,0.004853434,0,0,0,0,0.018912985,0,0.064365779,0,0,0.000115558,0,0,0,0,3.85E-05,0,0,0,0.000231116,0,0,0.008897962,0.003736374,0.126574477,0,0.16081815,0,0.003120065,0.001001502,0,0,0,0,7.70E-05,7.70E-05,0.297330611,0,0,0,0,0,0.023419745,0.000962983,0.014252147,0.000346674,0,0,0,0,3.85E-05,3.85E-05,0.029313201,0,0.006971996,0,7.70E-05,0.006009014,0.000231116,0.008820924,0,0,0.000731867,0.000423712,0,0,0.002850429,0.000231116
0,0.006702361,3.85E-05,0.155425446,0.000616309,0,0,0.000154077,0.001386695,0,0.000115558,0,0.001386695,0,0,0,0,0.003235623,0,0.046338739,0,0,0,0,0,0,0,0.000115558,0,0,0,0.006163091,0,0,0.093062671,0.000231116,3.85E-05,0,0.008666846,0,0.005585301,0.005007511,0,0,0,0,0.000115558,0.000115558,0.409190709,0,0,0,0.000115558,0,0.085936597,0.021031547,0.072762991,7.70E-05,0,0,0,3.85E-05,0,0,0.043180155,0,0.008782404,0,0,0.001540773,0.000423712,0.013828435,0,0,0.000924464,7.70E-05,0.000192597,0,3.85E-05,0.00735719
0,0.022726397,7.70E-05,0.132429413,0.010554293,0,0,0.000693348,0.001271137,0,0,0,0.00223412,0,0,0,0,0.017064058,0,0.101845075,0,0,0,0,0,0,0,0.000115558,0,0,0,0.000115558,0,0,0.049381765,0.000308155,7.70E-05,0,0.00847425,0,0.010092061,0.001964485,0,0,0,0,7.70E-05,3.85E-05,0.550132892,0,0,0.015138092,7.70E-05,0,0.019644852,0.001771889,0.006086052,3.85E-05,0,0,0,3.85E-05,0.000115558,0,0.0237279,0,0.004814915,0,0.000115558,0.001540773,0.000192597,0.006894958,0,0,0.001540773,0.000269635,0.000154077,0,3.85E-05,0.008127576
0,0.015831439,0.000192597,0.132699049,0.002080043,0,0,3.85E-05,0.000115558,3.85E-05,3.85E-05,0,0.001733369,0,0,0,3.85E-05,0.001733369,0,0.073841532,0,0,0,0,0,3.85E-05,0,7.70E-05,0,0,0,0.001040022,0.000308155,0,0.017641847,0.000346674,3.85E-05,0,0.000346674,0,0.00508455,0.003466739,0,0,0,0,0.000885944,7.70E-05,0.315550248,0,0,0,0.001001502,0,0.07619121,0.018874466,0.179230384,0,3.85E-05,0,0,7.70E-05,0.001733369,0.000192597,0.08239282,0,0.005315666,0,3.85E-05,0.000885944,0.002580794,0.012749894,0,0,0.002965987,0.000423712,0.000346674,7.70E-05,0.000115558,0.041485305
0,0.018835946,0,0.167443473,0.002465236,0,0,0.000231116,0.001425215,0,0.000115558,0,0.001617811,0,0,0,0,0.034705905,0,0.055159663,0,0,0,0,0,0,0,0,0,0,0,0.004044528,0,0,0.124455915,0.000154077,0,0,0.00223412,0,0.011632834,0.003043026,0,0,0,0,0,7.70E-05,0.378413775,0,0,0.002696352,7.70E-05,0,0.078810523,0.004891953,0.038827472,7.70E-05,0,0,0,0,0.00111706,0,0.040946034,0,0.010323177,3.85E-05,0.000346674,0.001502253,0.00053927,0.010939486,0,0,0.000192597,0.000385193,0.000423712,0,7.70E-05,0.001733369
0,0.009360194,3.85E-05,0.139902161,0.000808906,0,0,3.85E-05,0.000192597,0,0.000154077,0,0.000423712,3.85E-05,7.70E-05,3.85E-05,0.000693348,0.003043026,0,0.078040137,0,0,0,0,3.85E-05,0,0,0.000154077,0,0,0,0.000346674,0,0,0.074188205,0.00227264,0,0,0.000962983,0,0.034782944,0.002388198,0,0,0,0,0.000269635,3.85E-05,0.154423944,0,0,0.08520473,0.001232618,3.85E-05,0.167790147,0.001579292,0.09367898,0,0.000115558,0,0,0,3.85E-05,0,0.097916105,0,0.003312661,0,0,0.001232618,0.006625323,0.006317168,0,0,0.000962983,0,0.001386695,0,7.70E-05,0.029775432
0,0.023804938,3.85E-05,0.080312777,0.00053927,0,0,0.000115558,0.000462232,0,0.002850429,0,0.000654828,0,0,0,0.001348176,0.010939486,0,0.056584877,0,0,0,0,0,0,0,7.70E-05,0,0,0,0.031277686,0,0,0.179384461,0.025884981,0,0,0.001771889,0,0.005277146,0.003004507,0,0,0,0,0.01352028,0.000500751,0.135087246,0,0,0.007164593,7.70E-05,3.85E-05,0.13940141,0.003736374,0.108624475,0,0.000115558,0,0,0.000231116,0,0,0.04630022,0,0.001040022,0,0,0.001617811,0.081930588,0.015061053,0,0,0.002349678,0.000269635,0.004853434,0,0,0.013751396
0,0.012018027,0,0.064019106,0.002503756,0,0,3.85E-05,0.000192597,0,3.85E-05,0,0.000308155,0,0,0,3.85E-05,0.021378221,0,0.086283271,0,0,0,0,0,0,0,0,0,0,0,0.004968992,0,0,0.252224491,0.004044528,0,0,0.002927468,0,0.012942491,0,0,0,0,0,0.000385193,7.70E-05,0.155271369,0,0,0.051115134,0.000346674,7.70E-05,0.196602596,3.85E-05,0.044875005,0,3.85E-05,0,0,0,3.85E-05,0,0.053965564,0,0.001656331,0,3.85E-05,0.001040022,0.009899465,0.003197103,0,0,0.000154077,7.70E-05,0.000423712,0,0,0.016755903
0,0.022264165,0,0.137745079,0.003043026,0,0,7.70E-05,0.000192597,0,0.000885944,0,0.002503756,0,0,0,0.001309657,0.12018027,0,0.057432302,0,0,0,0,0,0,0,3.85E-05,0,0,0,0.008204615,0,0,0.154924695,0.015869959,0.000115558,0,0.004006009,0,0.02823466,0.001463734,0,0,0,0,0.003197103,0.000115558,0.197450021,0,0,0.031200647,0.000423712,0.000269635,0.067023612,0.001848927,0.078964601,0,7.70E-05,0,0,0,0,3.85E-05,0.025307192,0,0.003851932,0,0,0.001733369,0.025307192,0.001810408,0,0,0.001309657,7.70E-05,0.001001502,0,0,0.000500751
0,0.033242171,3.85E-05,0.207272447,0.000308155,0,0,0.000115558,0.001309657,0,0.000308155,0,0.002465236,0,0,0,0.00731867,0.050113632,0,0.114903124,0,0,0,0,0,0,0,0.000231116,0,0,0,0.000192597,0,0,0.056738955,0.032702901,3.85E-05,0,0.001386695,0,0.004737876,0.000924464,0,0,0,0,0.002888949,0.000154077,0.290666769,0,0,0.011786911,0,0.000308155,0.078926081,0.004121567,0.009822426,0,0.000154077,0,0,3.85E-05,0,0.000654828,0.009090559,0,0.00901352,0,0.000192597,0.002503756,0.016987019,0.008166095,0,0,0.002927468,3.85E-05,3.85E-05,0,3.85E-05,0.037132622
0,0.014637341,0.000115558,0.105157737,0.001425215,3.85E-05,0,0,0.000308155,3.85E-05,0.000308155,0,0.004968992,0,0,0,7.70E-05,0.015446246,0,0.064173183,0,0,0,0,0,0,0,3.85E-05,0,0,3.85E-05,0.000462232,0,0,0.029005046,0.00223412,0.000115558,0,0.000231116,0,0.021724895,0.001194099,0,0,0,0,0.008089057,0.000231116,0.170717615,0,0,0,0,0,0.181926736,0.005046031,0.22237202,0,3.85E-05,0,0,0,7.70E-05,0,0.10384808,0,0.00227264,0,0,0.000500751,0.033242171,0.003697854,0,0,0.003043026,0.000115558,0.002965987,0,0,7.70E-05
0,0.009745387,0,0.221832749,0.019221139,0,0,0,0.000962983,0,0,0,0.00053927,0,0,0,7.70E-05,0.003890451,0,0.257000886,0,0,0,0,0,0,0,0,0,0,3.85E-05,0,0,0,0.005854936,0.00057779,0,0,0.001232618,0,0.033781441,0.001309657,0,0,0,0,0.000924464,0.000154077,0.380724934,0,0,0.000385193,0,0.000154077,0.00566234,0.003004507,0.015831439,0,3.85E-05,0,0,0,0,0,0.006355687,0,0.005893456,0,0,0.001771889,0.006086052,0.006394207,0,0,0.000269635,3.85E-05,0.009860945,0,3.85E-05,0.000346674
0,0.023034552,0,0.210931782,0.034590347,0,0,3.85E-05,0.000962983,0,0,0,0.006086052,0,0,0,0.000115558,0.015561804,0,0.102538423,0,0,0,0,0,0,0,3.85E-05,0,0,0,0.001964485,0,0,0.055621894,0.001348176,0,0,0.002580794,0,0.107160741,3.85E-05,0,0,0,0,0.000115558,0,0.319209584,0,0,0,0,0,0.041909017,0.001001502,0.026578329,0,0.000231116,0,0,0,0,0,0.01860483,0,0.009822426,0,0,0.002465236,0.004545279,0.009706868,0,0,0.000346674,7.70E-05,0.002580794,0,7.70E-05,0.000115558
0,0.01182543,0,0.279804322,0.018450753,0,0,0,0.001463734,0,0.000115558,0,0.001194099,0,0,0,0,0.013789916,0,0.121412889,0,0,0,0,0,0,0,3.85E-05,0,0,0,0.004314164,0,0,0.032356227,0.000385193,3.85E-05,0,0.000962983,0,0.035091098,3.85E-05,0,0,0,0,0.000192597,7.70E-05,0.33862332,0,0,0,3.85E-05,7.70E-05,0.045915026,0.000731867,0.036208158,0,3.85E-05,0,0,0,0,0,0.024113093,0,0.01070837,0,0,0.001001502,0.006278649,0.005739378,0,0,0.001232618,7.70E-05,0.007087554,0,3.85E-05,0.00053927
0,0.01467586,0,0.191363969,0.000962983,0,0,0,0.002080043,0,0.000115558,0,0.000962983,0,0,0,0,0.004006009,0,0.123839606,0,0,0,0,0,0,0,0,0,0,0,0.013597319,0,0,0.084164709,0.000924464,0,0,0.000462232,0,0.006471245,0.00111706,0,0,0,0,0.000231116,7.70E-05,0.179422981,0,0,0,0.00053927,0.000154077,0.160741112,0.002773391,0.094988637,0,0.000115558,0,0,0,3.85E-05,0,0.072416317,0,0.004930473,0,0,0.001733369,0.009552791,0.006009014,0,0,0.000847425,0.000115558,0.006894958,0,0,0.013674358
0,0.005392704,0,0.20426794,0.001001502,0,0,0,0.001078541,0,3.85E-05,0,0.003851932,0,0,0,0,0.071376295,0,0.074342283,0,0,0,0,0,3.85E-05,0,0.000231116,0,0,3.85E-05,0.000500751,0,0,0.015061053,0.000154077,0.04514464,0,0.00223412,0,0.002003005,0.003043026,0,0,0,0,0,0,0.379877509,0,0,0,0.000654828,0,0.071145179,0.001040022,0.024613844,0,0,0,0,0.000154077,0.000115558,0.000154077,0.023227148,0,0.006663842,0,0.000115558,0.000962983,0.00057779,0.016101075,0,0,0.022841955,0,0,0,0.021917492,3.85E-05
0,0.008936482,0,0.105735526,0.006278649,0,0,0,0.001386695,0,0.000115558,0,0.001309657,0,0,0,0,0.002773391,0,0.072570394,0,0,0,0,0,0,0,3.85E-05,0,0,3.85E-05,0.024190131,0.000231116,0,0.206155387,0,0.000385193,0,0.010361696,0,0.020954509,0.001271137,0,0,0,0,0,0,0.20145603,0,0,3.85E-05,0.002041524,0,0.177574053,0.000192597,0.033165132,0,0,0,0,0.000115558,7.70E-05,7.70E-05,0.066214707,0,0.004044528,0,3.85E-05,0.000693348,0.000192597,0.023496784,0,0,0.000192597,0,0,0,0.027464273,0.000192597
0,0.007857941,0,0.23365818,0.004468241,0,0,3.85E-05,0.001232618,0,0,0,0.002195601,0,0,0,0,0.003312661,0,0.086090674,0,0,0,0,0,0,0,0,0,0,0.000115558,0.004776395,3.85E-05,0,0.084781018,0.001078541,0,0,0.011478757,0,0.056738955,0.003659335,0,0,0,0,0,0,0.377797465,0,0,0.001733369,0.000346674,0,0.03555333,0.002349678,0.021339702,0,0,0,0,0,3.85E-05,0,0.015946997,0,0.004814915,0,0,0.001502253,0.000231116,0.01240322,0,0,0.000231116,0,0.000462232,0,0.02368938,3.85E-05
0,0.015985517,0,0.161241863,0.003890451,0,0,0,0.003081545,0,0,0,0.001656331,0,0,0,0,0.014829937,0,0.050922538,0,0,0,0,0,0,0,0,0,0,3.85E-05,0.006355687,0,0,0.135164285,0.000731867,0.000192597,0,0.003351181,0,0.021840453,0.003081545,0,0,0,0,3.85E-05,0,0.206617619,0,0,0.001232618,0.000731867,0,0.112707523,0.003466739,0.028504295,0,0,0,0,7.70E-05,0,0,0.04063788,0,0.005585301,0,0,0.001309657,7.70E-05,0.084280267,0,0,0.000616309,0,0.02315011,0,0.061823504,0.0067794
0,0.021532298,0,0.144948192,0.000654828,0,0,3.85E-05,0.008166095,0,0,3.85E-05,0.001771889,0,0,0,3.85E-05,0.003890451,0,0.053156658,0,0,0,0,0,0,0,3.85E-05,0,0,0,0.005392704,3.85E-05,0,0.289626748,0,3.85E-05,0,0.004622318,0,0.003505258,0.001733369,0,0,7.70E-05,0,0,0,0.183814183,0,0,0.001348176,0.000385193,0,0.151997227,0.003774893,0.023073071,0,0,0,0,0,0,0,0.040406764,0,0.004044528,0,0,0.002465236,0.000154077,0.031085089,0,0.00115558,0.000269635,0,0.000308155,0,0.013327684,0.003081545
0,0.090404838,3.85E-05,0.186972767,0.001232618,0,0,0.000154077,0.001463734,0,0.000192597,0.000115558,0.004468241,0,0,0,0.000115558,0.012826933,0,0.076422326,0,0,0,0,0,0,0,0.001848927,0,0,3.85E-05,0.001078541,0,0,0.052848504,0.001771889,0.002542275,0.001001502,0.010284658,0,0.005970494,0.000269635,0,0,0,0,7.70E-05,0,0.246523632,3.85E-05,0,0.000115558,0,0,0.216247448,0.013866954,0.016987019,0,0,0,0,0,0,0,0.020376719,0,0.007549786,0,0,0.001463734,0.002580794,0.009822426,0,0.000192597,0.00223412,0,0.001040022,0,0.008127576,0.000693348
0,0.044451292,0,0.205808713,0.001425215,0,0,0,0.000885944,3.85E-05,7.70E-05,3.85E-05,0.003697854,0,0,0,0,0.020107084,0,0.079272755,0,0,0,0,0,0,0,0.000346674,0,0,0.000885944,0,3.85E-05,0,0.020723393,0.000693348,0.000115558,0,0.009475752,0,0.000154077,0.002619314,0,0,0,0,0,0,0.219059358,0,0.000115558,0,0,0,0.298062478,0.004083048,0.012595817,0,0,0,0,3.85E-05,3.85E-05,0,0.023612342,0,0.00731867,0,0,0.003081545,0.000154077,0.011478757,0,0.000192597,0.011247641,0,7.70E-05,0,0.006086052,0.011902469
0,0.011440237,0,0.147567505,0.00053927,0,7.70E-05,0,0.003158584,0,3.85E-05,0,0.001540773,0,0,0,0,0.001964485,0,0.030276184,0,0,0,0,0,0,0,0,0,0,0.000500751,0.005893456,7.70E-05,0,0.225838758,3.85E-05,0,0,0.002734872,0,0.002311159,0.004468241,0,0,0.000693348,0,0,0,0.211355495,0,3.85E-05,0.000654828,0.000885944,0,0.223874273,0.004083048,0.034937021,0,0,0,0,0.000115558,0,0,0.046377258,0,0.002850429,0,0,0.00227264,0.000192597,0.011247641,0,0.001348176,0.002157082,0,0.00057779,0,0.014483263,0.0033897
0,0.03667039,0,0.210276954,0.011786911,0,7.70E-05,0,0.001925966,0,0,0,0.00450676,0,0,0,0,0.02203305,0,0.0632102,0,0,0,0,0,0,0,0,3.85E-05,0,0.00053927,0.001309657,0.000154077,0,0.065790994,0.000231116,0.019798929,0,0.006663842,0,0.017372212,0.001771889,0,0,0,0,0,0,0.239705712,0,3.85E-05,7.70E-05,0.00053927,0,0.162474481,0.004930473,0.010978005,0,0,0,0,3.85E-05,3.85E-05,0,0.040676399,0,0.007203112,0,0,0.002850429,0.000154077,0.008897962,0,0,0.001001502,0,0.000154077,0,0.056084126,0
